{
	"pattrstorage" : 	{
		"name" : "vid2audio-delays",
		"slots" : 		{
			"1" : 			{
				"id" : 1,
				"name" : "Default",
				"data" : 				{
					"gains" : [ 1.0, 0.75, 0.5625, 0.421875, 0.316399991512299, 0.237299993634224, 0.177000001072884, 0.133000001311302, 0.100100003182888, 0.075000002980232 ],
					"max-delay" : [ 1.0 ],
					"shift-down" : [ -2.0 ],
					"shift-up" : [ 2.0 ]
				}

			}
,
			"2" : 			{
				"id" : 2,
				"name" : "All Loud",
				"data" : 				{
					"gains" : [ 1.0, 1.0, 1.0, 1.0, 1.0, 1.0, 1.0, 1.0, 1.0, 1.0 ],
					"max-delay" : [ 1.0 ],
					"shift-down" : [ -2.0 ],
					"shift-up" : [ 2.0 ]
				}

			}
,
			"3" : 			{
				"id" : 3,
				"name" : "Inverted Gains",
				"data" : 				{
					"gains" : [ 0.017857143655419, 0.039285715669394, 0.053571429103613, 0.110714286565781, 0.174999997019768, 0.267857134342194, 0.360714286565781, 0.503571450710297, 0.717857122421265, 1.0 ],
					"max-delay" : [ 1.0 ],
					"shift-down" : [ -2.0 ],
					"shift-up" : [ 2.0 ]
				}

			}
,
			"4" : 			{
				"id" : 4,
				"name" : "Shift Up Only",
				"data" : 				{
					"gains" : [ 1.0, 0.75, 0.5625, 0.421875, 0.316399991512299, 0.237299993634224, 0.177000001072884, 0.133000001311302, 0.100100003182888, 0.075000002980232 ],
					"max-delay" : [ 1.0 ],
					"shift-down" : [ 0.0 ],
					"shift-up" : [ 2.0 ]
				}

			}
,
			"5" : 			{
				"id" : 5,
				"name" : "Short Delays",
				"data" : 				{
					"gains" : [ 1.0, 0.75, 0.5625, 0.421875, 0.316399991512299, 0.237299993634224, 0.177000001072884, 0.133000001311302, 0.100100003182888, 0.075000002980232 ],
					"max-delay" : [ 0.1 ],
					"shift-down" : [ -2.0 ],
					"shift-up" : [ 2.0 ]
				}

			}

		}

	}

}
