{
	"pattrstorage" : 	{
		"name" : "onsetdetect",
		"slots" : 		{
			"1" : 			{
				"id" : 1,
				"data" : 				{
					"filtergraph" : [ 1, 0, 1, 1, 0, 0, 150.67462158203125, 1.267151951789856, 0.899999976158142 ],
					"filtergraph[1]" : [ 1, 0, 9, 1, 0, 0, 1433.583740234375, 1.0, 0.5 ]
				}

			}
,
			"2" : 			{
				"id" : 2,
				"data" : 				{
					"filtergraph" : [ 1, 0, 2, 1, 0, 0, 1007.66943359375, 1.267151951789856, 0.899999976158142 ],
					"filtergraph[1]" : [ 1, 0, 9, 1, 0, 0, 1433.583740234375, 1.0, 0.5 ]
				}

			}
,
			"3" : 			{
				"id" : 3,
				"data" : 				{
					"filtergraph" : [ 1, 0, 2, 1, 0, 0, 267.577178955078125, 1.0, 1.0 ],
					"filtergraph[1]" : [ 1, 0, 1, 1, 0, 0, 2520.825439453125, 1.0, 1.0 ]
				}

			}
,
			"4" : 			{
				"id" : 4,
				"data" : 				{
					"filtergraph" : [ 1, 0, 9, 1, 0, 0, 267.577178955078125, 1.0, 1.0 ],
					"filtergraph[1]" : [ 1, 0, 9, 1, 0, 0, 2520.825439453125, 1.0, 1.0 ]
				}

			}
,
			"5" : 			{
				"id" : 5,
				"data" : 				{
					"filtergraph" : [ 1, 0, 1, 1, 0, 0, 150.0, 1.0, 1.0 ],
					"filtergraph[1]" : [ 1, 0, 2, 1, 0, 0, 1335.0159912109375, 1.0, 1.0 ]
				}

			}
,
			"6" : 			{
				"id" : 6,
				"data" : 				{
					"filtergraph" : [ 1, 0, 2, 1, 0, 0, 85.0, 1.0, 1.0 ],
					"filtergraph[1]" : [ 1, 0, 1, 1, 0, 0, 225.0, 1.0, 1.0 ]
				}

			}

		}

	}

}
