{
	"pattrstorage" : 	{
		"name" : "color_map",
		"slots" : 		{
			"1" : 			{
				"id" : 1,
				"data" : 				{
					"sc.texture.presence::threshold" : [ 0.09 ],
					"sc.texture.presence::bypass" : [ 0.0 ],
					"sc.texture.presence::blur" : [ 4.0, 3.904999971389771 ],
					"sc.texture.presence::memory" : [ 0.9 ],
					"sc.texture.presence::lpf" : [ 1.0 ],
					"sc.texture.presence::u931003433" : [ 4.0, 3.904999971389771 ],
					"sc.texture.presence::use_threshold" : [ 1.0 ],
					"sc.texture.colormap::interp" : [ 1.0 ],
					"sc.texture.colormap::amount" : [ 1.0 ],
					"sc.texture.colormap::red" : [ 0, 0, 0, 0, 0, 0, 0, 0, 0, 0, 0, 0, 0, 0, 0, 0, 0, 0, 0, 0, 0, 0, 0, 0, 0, 0, 0, 0, 0, 0, 0, 0, 0, 0, 0, 0, 0, 0, 0, 0, 0, 91, 90, 89, 87, 85, 82, 80, 78, 76, 73, 71, 69, 67, 65, 63, 60, 58, 56, 54, 52, 49, 47, 45, 43, 40, 38, 36, 33, 31, 29, 27, 24, 22, 18, 14, 10, 5, 0, 0, 0, 0, 0, 0, 0, 0, 0, 0, 0, 0, 4, 9, 13, 19, 24, 30, 40, 50, 60, 70, 80, 90, 99, 109, 115, 121, 126, 132, 138, 149, 159, 170, 174, 177, 181, 185, 189, 192, 196, 200, 204, 207, 211, 213, 215, 217, 218, 220, 222, 224, 226, 228, 229, 231, 233, 235, 237, 239, 240, 242, 244, 246, 248, 250, 251, 253, 255, 255, 255, 255, 249, 243, 237, 220, 203, 187, 170, 153, 119, 85, 51, 45, 38, 32, 26, 19, 13, 6, 0, 0, 0, 0, 0, 0, 0, 0, 0, 0, 0, 0, 7, 14, 20, 27, 34, 41, 47, 54, 60, 65, 71, 76, 82, 87, 93, 98, 104, 109, 115, 120, 126, 131, 137, 142, 148, 153, 159, 164, 168, 173, 176, 179, 182, 186, 189, 192, 195, 198, 201, 205, 208, 211, 214, 217, 220, 224, 227, 230, 233, 236, 239, 243, 246, 249, 250, 250, 251, 252, 252, 253, 254, 254, 255, 255, 255, 252, 250, 247, 245, 242, 239, 237, 234, 194, 155, 4 ],
					"sc.texture.colormap::green" : [ 13, 10, 0, 0, 0, 1, 1, 1, 1, 1, 1, 1, 2, 1, 2, 3, 4, 4, 4, 4, 4, 4, 4, 0, 0, 0, 0, 0, 0, 0, 0, 0, 0, 0, 0, 0, 0, 0, 0, 0, 0, 0, 2, 3, 5, 7, 8, 10, 15, 17, 19, 21, 23, 25, 34, 42, 133, 134, 135, 142, 149, 156, 158, 159, 161, 162, 164, 162, 160, 157, 155, 153, 151, 148, 146, 144, 135, 127, 118, 116, 114, 113, 111, 109, 106, 103, 101, 98, 95, 92, 90, 88, 86, 84, 81, 79, 77, 75, 72, 70, 68, 65, 63, 61, 59, 56, 54, 52, 50, 48, 46, 43, 41, 39, 37, 35, 33, 31, 29, 26, 24, 22, 20, 18, 16, 14, 12, 9, 7, 5, 3, 1, 1, 0, 133, 134, 135, 136, 137, 74, 91, 107, 124, 133, 141, 150, 155, 159, 160, 160, 161, 162, 163, 164, 164, 164, 164, 164, 164, 164, 164, 164, 164, 164, 164, 164, 164, 164, 164, 164, 164, 164, 217, 217, 217, 217, 218, 219, 220, 220, 220, 220, 220, 220, 220, 220, 220, 220, 220, 150, 155, 159, 164, 164, 164, 164, 154, 154, 155, 155, 156, 156, 157, 157, 158, 158, 159, 159, 159, 160, 160, 160, 160, 161, 161, 161, 161, 161, 162, 162, 162, 162, 163, 163, 163, 163, 163, 164, 164, 164, 164, 165, 165, 165, 165, 166, 166, 166, 166, 166, 167, 167, 167, 167, 168, 168, 168, 168, 168, 169, 169, 169, 169, 170, 170, 170 ],
					"sc.texture.colormap::blue" : [ 0, 0, 1, 2, 3, 4, 5, 6, 0, 0, 0, 0, 0, 0, 0, 0, 0, 0, 0, 0, 0, 0, 0, 0, 0, 0, 0, 0, 0, 0, 0, 0, 0, 1, 1, 129, 130, 131, 131, 132, 133, 134, 134, 135, 135, 135, 135, 135, 135, 135, 135, 132, 126, 121, 115, 109, 103, 74, 68, 48, 44, 40, 36, 33, 29, 25, 23, 21, 19, 18, 16, 14, 12, 10, 10, 10, 10, 10, 10, 10, 10, 10, 10, 10, 185, 185, 185, 185, 185, 185, 185, 185, 185, 185, 185, 185, 185, 97, 96, 95, 93, 92, 91, 90, 88, 87, 86, 86, 85, 85, 85, 84, 84, 84, 83, 83, 83, 83, 82, 82, 82, 81, 81, 81, 80, 80, 80, 80, 80, 80, 80, 85, 90, 96, 101, 109, 111, 113, 132, 134, 136, 144, 147, 150, 153, 157, 161, 164, 167, 170, 173, 176, 179, 181, 183, 208, 210, 220, 221, 222, 226, 227, 228, 231, 231, 231, 229, 228, 226, 225, 224, 217, 215, 213, 202, 198, 106, 106, 105, 105, 104, 104, 103, 103, 103, 103, 103, 103, 103, 103, 103, 103, 103, 103, 103, 217, 220, 223, 226, 227, 228, 237, 239, 240, 240, 240, 240, 239, 238, 237, 235, 233, 231, 230, 228, 227, 226, 224, 223, 221, 220, 219, 218, 217, 215, 212, 210, 207, 150, 148, 146, 144, 140, 135, 132, 130, 127, 127, 126, 126, 126, 125, 125, 124, 124, 124, 124, 124, 124, 124, 124, 124, 124, 125, 126, 156 ],
					"sc.texture.colormap::bypass" : [ 0.0 ],
					"sc.texture.slide::slide_up" : [ 1.0 ],
					"sc.texture.slide::slide_down" : [ 40.0 ],
					"sc.texture.slide::bypass" : [ 0.0 ]
				}

			}
,
			"2" : 			{
				"id" : 2,
				"data" : 				{
					"sc.texture.presence::threshold" : [ 0.09 ],
					"sc.texture.presence::bypass" : [ 0.0 ],
					"sc.texture.presence::blur" : [ 4.0, 3.904999971389771 ],
					"sc.texture.presence::memory" : [ 0.9 ],
					"sc.texture.presence::lpf" : [ 1.0 ],
					"sc.texture.presence::u931003433" : [ 4.0, 3.904999971389771 ],
					"sc.texture.presence::use_threshold" : [ 1.0 ],
					"sc.texture.colormap::interp" : [ 1.0 ],
					"sc.texture.colormap::amount" : [ 1.0 ],
					"sc.texture.colormap::red" : [ 0, 0, 0, 0, 0, 0, 0, 0, 0, 0, 0, 0, 0, 0, 0, 0, 0, 0, 0, 0, 0, 0, 0, 0, 0, 0, 0, 0, 0, 0, 0, 0, 0, 0, 0, 0, 0, 0, 0, 0, 0, 0, 0, 0, 0, 0, 0, 0, 0, 0, 0, 0, 1, 1, 1, 2, 3, 4, 5, 5, 6, 6, 7, 8, 8, 9, 9, 10, 11, 12, 13, 13, 13, 13, 13, 13, 13, 13, 13, 13, 13, 13, 0, 0, 0, 0, 0, 0, 0, 0, 0, 0, 0, 0, 1, 147, 156, 159, 159, 160, 160, 160, 161, 161, 161, 161, 161, 161, 161, 161, 161, 161, 161, 161, 161, 161, 161, 161, 161, 161, 113, 111, 109, 109, 109, 109, 109, 109, 0, 0, 0, 0, 0, 0, 0, 0, 1, 3, 4, 17, 30, 43, 57, 70, 83, 88, 92, 96, 100, 104, 108, 113, 117, 121, 125, 129, 126, 122, 119, 115, 103, 99, 95, 91, 87, 83, 79, 75, 71, 67, 63, 59, 55, 51, 176, 178, 179, 179, 179, 176, 175, 174, 172, 171, 170, 169, 169, 168, 167, 167, 166, 165, 165, 164, 163, 163, 162, 161, 160, 160, 159, 77, 71, 65, 63, 61, 59, 57, 56, 54, 53, 53, 52, 52, 51, 51, 51, 51, 52, 53, 54, 54, 54, 54, 54, 106, 106, 106, 106, 106, 106, 106, 106, 106, 106, 106, 106, 106, 106, 106, 106, 106, 106, 99, 92, 84, 76, 68, 57, 47, 36, 31, 27, 22, 18, 0 ],
					"sc.texture.colormap::green" : [ 0, 0, 0, 0, 0, 0, 0, 0, 0, 0, 0, 0, 0, 0, 0, 0, 0, 0, 0, 0, 1, 1, 2, 2, 3, 3, 4, 4, 6, 7, 0, 0, 0, 0, 0, 0, 0, 0, 0, 0, 0, 0, 0, 0, 0, 0, 0, 0, 0, 0, 0, 2, 4, 6, 8, 10, 11, 12, 13, 14, 15, 16, 17, 18, 19, 22, 25, 27, 27, 33, 34, 34, 35, 35, 36, 36, 37, 37, 38, 38, 39, 40, 41, 42, 43, 44, 45, 45, 45, 45, 45, 45, 45, 47, 48, 48, 48, 48, 48, 48, 48, 50, 52, 54, 55, 55, 56, 56, 57, 57, 57, 57, 57, 57, 57, 57, 57, 57, 57, 57, 57, 57, 51, 50, 49, 45, 45, 45, 45, 45, 45, 45, 45, 45, 45, 45, 45, 45, 45, 45, 45, 45, 45, 45, 45, 45, 45, 45, 45, 45, 45, 46, 46, 46, 46, 46, 46, 46, 47, 74, 71, 71, 71, 71, 71, 71, 71, 71, 71, 71, 71, 71, 71, 71, 71, 71, 71, 71, 71, 71, 71, 71, 71, 71, 71, 71, 71, 71, 71, 71, 71, 71, 71, 71, 71, 71, 144, 142, 140, 137, 135, 133, 131, 129, 126, 124, 122, 120, 118, 116, 113, 111, 109, 107, 105, 103, 101, 98, 96, 94, 92, 85, 78, 71, 64, 57, 50, 43, 36, 30, 24, 18, 12, 6, 0, 0, 0, 0, 0, 0, 0, 0, 0, 0, 0, 0, 0, 0, 0, 0, 0, 0, 0, 0, 0, 0 ],
					"sc.texture.colormap::blue" : [ 0, 0, 0, 0, 0, 0, 0, 0, 0, 0, 0, 0, 0, 0, 0, 0, 0, 0, 0, 0, 0, 0, 0, 0, 0, 0, 0, 0, 0, 0, 0, 0, 0, 0, 0, 0, 0, 0, 0, 0, 0, 0, 0, 0, 0, 0, 0, 0, 0, 0, 0, 0, 0, 0, 0, 0, 0, 25, 25, 25, 27, 29, 30, 32, 34, 36, 37, 39, 42, 45, 49, 52, 55, 58, 62, 65, 68, 74, 81, 87, 94, 100, 101, 102, 103, 102, 101, 100, 99, 97, 96, 95, 94, 90, 87, 80, 77, 74, 71, 69, 66, 63, 60, 57, 55, 53, 51, 49, 47, 45, 43, 41, 39, 37, 19, 19, 20, 20, 20, 20, 21, 21, 21, 21, 22, 22, 23, 23, 24, 24, 25, 25, 26, 26, 27, 27, 28, 28, 29, 29, 30, 30, 31, 31, 32, 32, 33, 33, 33, 33, 33, 33, 33, 33, 33, 33, 33, 33, 33, 33, 33, 33, 33, 33, 33, 33, 33, 33, 33, 33, 33, 33, 33, 33, 33, 33, 33, 33, 33, 33, 34, 35, 36, 37, 37, 38, 38, 39, 39, 40, 40, 41, 41, 51, 57, 71, 72, 73, 74, 75, 76, 78, 79, 80, 81, 82, 83, 83, 83, 84, 84, 84, 84, 84, 85, 85, 85, 85, 86, 86, 86, 86, 85, 85, 85, 85, 84, 84, 84, 84, 83, 80, 79, 79, 78, 78, 77, 77, 76, 76, 75, 75, 74, 73, 72, 71, 70, 69, 69, 68, 67, 66, 65, 58, 52, 0 ],
					"sc.texture.colormap::bypass" : [ 0.0 ],
					"sc.texture.slide::slide_up" : [ 1.0 ],
					"sc.texture.slide::slide_down" : [ 100.0 ],